,text
0,Are the agencies incapable of addressing the issues of online #women  abuse &amp; targeted #harassment ? The quoted tweet is right there even after tagging the official handles of govt agencies. What are we doing to curb this #onlineabuse ? @DelhiPolice @NCWIndia @NCPCR_ https://t.co/xISEclb26w
1,"How can young men stop perpetuating behaviours they don't see as problematic?

And how can we expect men to be allies when they can't identify issues that require intervention?

Read our full report
ðŸ‘‡
https://t.co/XcOXLcmIqO
#allyship #harassment #gbv #furthereducation #fe #ed https://t.co/cWvYnc8m4m"
2,"#Women face additional threats with gender-based #violence, #harassment, #discrimination in the newsroom and in the field, and disproportionate #onlineattacks. - https://t.co/0UOfETra9j
#investigativejournalism @gijn @Kzalan"
3,"@TheOfficialSBI India's largest bank is way behind in terms of addressing aged citizens' issues. What we face is borderline harassment. You cannot just make claims of serving the aged, you should have policies and means that actually help. #SBI #Harassment"
4,"#Ukrainian citizen complains of #harassment by establishment division as permission to marry denied to her Pakistani to-be husband.

Read More: https://t.co/zkqWSHulZk

#SamaaTV #SamaaGlobal #UkrainianWoman https://t.co/MmRFM8g6e9"
5,"What is called Serial Harassment\

queen of serial harassment 
@seaotta
 &amp; king 
@jh3yy
  
posted this to their gang member.
#bullying #harassment  #farud  #Cheaters #cheaterexposed #harrassed #HarassmentCase #Crime https://t.co/27zhiyM1rt"
6,"Sexual harassment case against B'luru Turf Club ex-Chairman
 #Bluru #case #Club #exChairman #harassment #KarnatakaPoliceHennurBanaswadiBengaluruCriminal #sexual #turf
https://t.co/cByQf0xrug"
7,"https://t.co/CmfqoJJrOn
""In the darkness of a storm, a calmness will arise to give you 
faith, trust and hope.""
#DrPhil #Bullyville #IG #TV 
When #Hackers produce #DeepFake #Videos #CyberStalking #Criminal #Harassment #Confidential #Private #Information #Truth results in #Justice"
8,"recent update!
queen of serial harassment @seaotta &amp; king @jh3yy  
posted this to their gang member.
#bullying #harassment  #farud  #Cheaters #cheaterexposed #harrassed #HarassmentCase #Crime https://t.co/PA5Dv8ZlNn"
9,"Running on the track of debt &amp; managing your financial achievement is impossible.

Start your journey to Debt-free with SingleDebt.

Contact: 96191 03594 / 022 6876 2605 or visit our website: https://t.co/4J1Q6eO5tE

#singledebt #debt #debtmanagement #harassment #debtfree https://t.co/tuq5kAz1Oh"
